"Label (Grouping)","Boone County, Missouri!!Total!!Estimate","Boone County, Missouri!!Total!!Margin of Error","Boone County, Missouri!!Percent!!Estimate","Boone County, Missouri!!Percent!!Margin of Error","Boone County, Missouri!!Male!!Estimate","Boone County, Missouri!!Male!!Margin of Error","Boone County, Missouri!!Percent Male!!Estimate","Boone County, Missouri!!Percent Male!!Margin of Error","Boone County, Missouri!!Female!!Estimate","Boone County, Missouri!!Female!!Margin of Error","Boone County, Missouri!!Percent Female!!Estimate","Boone County, Missouri!!Percent Female!!Margin of Error","Buchanan County, Missouri!!Total!!Estimate","Buchanan County, Missouri!!Total!!Margin of Error","Buchanan County, Missouri!!Percent!!Estimate","Buchanan County, Missouri!!Percent!!Margin of Error","Buchanan County, Missouri!!Male!!Estimate","Buchanan County, Missouri!!Male!!Margin of Error","Buchanan County, Missouri!!Percent Male!!Estimate","Buchanan County, Missouri!!Percent Male!!Margin of Error","Buchanan County, Missouri!!Female!!Estimate","Buchanan County, Missouri!!Female!!Margin of Error","Buchanan County, Missouri!!Percent Female!!Estimate","Buchanan County, Missouri!!Percent Female!!Margin of Error","Cape Girardeau County, Missouri!!Total!!Estimate","Cape Girardeau County, Missouri!!Total!!Margin of Error","Cape Girardeau County, Missouri!!Percent!!Estimate","Cape Girardeau County, Missouri!!Percent!!Margin of Error","Cape Girardeau County, Missouri!!Male!!Estimate","Cape Girardeau County, Missouri!!Male!!Margin of Error","Cape Girardeau County, Missouri!!Percent Male!!Estimate","Cape Girardeau County, Missouri!!Percent Male!!Margin of Error","Cape Girardeau County, Missouri!!Female!!Estimate","Cape Girardeau County, Missouri!!Female!!Margin of Error","Cape Girardeau County, Missouri!!Percent Female!!Estimate","Cape Girardeau County, Missouri!!Percent Female!!Margin of Error","Cass County, Missouri!!Total!!Estimate","Cass County, Missouri!!Total!!Margin of Error","Cass County, Missouri!!Percent!!Estimate","Cass County, Missouri!!Percent!!Margin of Error","Cass County, Missouri!!Male!!Estimate","Cass County, Missouri!!Male!!Margin of Error","Cass County, Missouri!!Percent Male!!Estimate","Cass County, Missouri!!Percent Male!!Margin of Error","Cass County, Missouri!!Female!!Estimate","Cass County, Missouri!!Female!!Margin of Error","Cass County, Missouri!!Percent Female!!Estimate","Cass County, Missouri!!Percent Female!!Margin of Error","Christian County, Missouri!!Total!!Estimate","Christian County, Missouri!!Total!!Margin of Error","Christian County, Missouri!!Percent!!Estimate","Christian County, Missouri!!Percent!!Margin of Error","Christian County, Missouri!!Male!!Estimate","Christian County, Missouri!!Male!!Margin of Error","Christian County, Missouri!!Percent Male!!Estimate","Christian County, Missouri!!Percent Male!!Margin of Error","Christian County, Missouri!!Female!!Estimate","Christian County, Missouri!!Female!!Margin of Error","Christian County, Missouri!!Percent Female!!Estimate","Christian County, Missouri!!Percent Female!!Margin of Error","Clay County, Missouri!!Total!!Estimate","Clay County, Missouri!!Total!!Margin of Error","Clay County, Missouri!!Percent!!Estimate","Clay County, Missouri!!Percent!!Margin of Error","Clay County, Missouri!!Male!!Estimate","Clay County, Missouri!!Male!!Margin of Error","Clay County, Missouri!!Percent Male!!Estimate","Clay County, Missouri!!Percent Male!!Margin of Error","Clay County, Missouri!!Female!!Estimate","Clay County, Missouri!!Female!!Margin of Error","Clay County, Missouri!!Percent Female!!Estimate","Clay County, Missouri!!Percent Female!!Margin of Error","Cole County, Missouri!!Total!!Estimate","Cole County, Missouri!!Total!!Margin of Error","Cole County, Missouri!!Percent!!Estimate","Cole County, Missouri!!Percent!!Margin of Error","Cole County, Missouri!!Male!!Estimate","Cole County, Missouri!!Male!!Margin of Error","Cole County, Missouri!!Percent Male!!Estimate","Cole County, Missouri!!Percent Male!!Margin of Error","Cole County, Missouri!!Female!!Estimate","Cole County, Missouri!!Female!!Margin of Error","Cole County, Missouri!!Percent Female!!Estimate","Cole County, Missouri!!Percent Female!!Margin of Error","Franklin County, Missouri!!Total!!Estimate","Franklin County, Missouri!!Total!!Margin of Error","Franklin County, Missouri!!Percent!!Estimate","Franklin County, Missouri!!Percent!!Margin of Error","Franklin County, Missouri!!Male!!Estimate","Franklin County, Missouri!!Male!!Margin of Error","Franklin County, Missouri!!Percent Male!!Estimate","Franklin County, Missouri!!Percent Male!!Margin of Error","Franklin County, Missouri!!Female!!Estimate","Franklin County, Missouri!!Female!!Margin of Error","Franklin County, Missouri!!Percent Female!!Estimate","Franklin County, Missouri!!Percent Female!!Margin of Error","Greene County, Missouri!!Total!!Estimate","Greene County, Missouri!!Total!!Margin of Error","Greene County, Missouri!!Percent!!Estimate","Greene County, Missouri!!Percent!!Margin of Error","Greene County, Missouri!!Male!!Estimate","Greene County, Missouri!!Male!!Margin of Error","Greene County, Missouri!!Percent Male!!Estimate","Greene County, Missouri!!Percent Male!!Margin of Error","Greene County, Missouri!!Female!!Estimate","Greene County, Missouri!!Female!!Margin of Error","Greene County, Missouri!!Percent Female!!Estimate","Greene County, Missouri!!Percent Female!!Margin of Error","Jackson County, Missouri!!Total!!Estimate","Jackson County, Missouri!!Total!!Margin of Error","Jackson County, Missouri!!Percent!!Estimate","Jackson County, Missouri!!Percent!!Margin of Error","Jackson County, Missouri!!Male!!Estimate","Jackson County, Missouri!!Male!!Margin of Error","Jackson County, Missouri!!Percent Male!!Estimate","Jackson County, Missouri!!Percent Male!!Margin of Error","Jackson County, Missouri!!Female!!Estimate","Jackson County, Missouri!!Female!!Margin of Error","Jackson County, Missouri!!Percent Female!!Estimate","Jackson County, Missouri!!Percent Female!!Margin of Error","Jasper County, Missouri!!Total!!Estimate","Jasper County, Missouri!!Total!!Margin of Error","Jasper County, Missouri!!Percent!!Estimate","Jasper County, Missouri!!Percent!!Margin of Error","Jasper County, Missouri!!Male!!Estimate","Jasper County, Missouri!!Male!!Margin of Error","Jasper County, Missouri!!Percent Male!!Estimate","Jasper County, Missouri!!Percent Male!!Margin of Error","Jasper County, Missouri!!Female!!Estimate","Jasper County, Missouri!!Female!!Margin of Error","Jasper County, Missouri!!Percent Female!!Estimate","Jasper County, Missouri!!Percent Female!!Margin of Error","Jefferson County, Missouri!!Total!!Estimate","Jefferson County, Missouri!!Total!!Margin of Error","Jefferson County, Missouri!!Percent!!Estimate","Jefferson County, Missouri!!Percent!!Margin of Error","Jefferson County, Missouri!!Male!!Estimate","Jefferson County, Missouri!!Male!!Margin of Error","Jefferson County, Missouri!!Percent Male!!Estimate","Jefferson County, Missouri!!Percent Male!!Margin of Error","Jefferson County, Missouri!!Female!!Estimate","Jefferson County, Missouri!!Female!!Margin of Error","Jefferson County, Missouri!!Percent Female!!Estimate","Jefferson County, Missouri!!Percent Female!!Margin of Error","Platte County, Missouri!!Total!!Estimate","Platte County, Missouri!!Total!!Margin of Error","Platte County, Missouri!!Percent!!Estimate","Platte County, Missouri!!Percent!!Margin of Error","Platte County, Missouri!!Male!!Estimate","Platte County, Missouri!!Male!!Margin of Error","Platte County, Missouri!!Percent Male!!Estimate","Platte County, Missouri!!Percent Male!!Margin of Error","Platte County, Missouri!!Female!!Estimate","Platte County, Missouri!!Female!!Margin of Error","Platte County, Missouri!!Percent Female!!Estimate","Platte County, Missouri!!Percent Female!!Margin of Error","St. Charles County, Missouri!!Total!!Estimate","St. Charles County, Missouri!!Total!!Margin of Error","St. Charles County, Missouri!!Percent!!Estimate","St. Charles County, Missouri!!Percent!!Margin of Error","St. Charles County, Missouri!!Male!!Estimate","St. Charles County, Missouri!!Male!!Margin of Error","St. Charles County, Missouri!!Percent Male!!Estimate","St. Charles County, Missouri!!Percent Male!!Margin of Error","St. Charles County, Missouri!!Female!!Estimate","St. Charles County, Missouri!!Female!!Margin of Error","St. Charles County, Missouri!!Percent Female!!Estimate","St. Charles County, Missouri!!Percent Female!!Margin of Error","St. Francois County, Missouri!!Total!!Estimate","St. Francois County, Missouri!!Total!!Margin of Error","St. Francois County, Missouri!!Percent!!Estimate","St. Francois County, Missouri!!Percent!!Margin of Error","St. Francois County, Missouri!!Male!!Estimate","St. Francois County, Missouri!!Male!!Margin of Error","St. Francois County, Missouri!!Percent Male!!Estimate","St. Francois County, Missouri!!Percent Male!!Margin of Error","St. Francois County, Missouri!!Female!!Estimate","St. Francois County, Missouri!!Female!!Margin of Error","St. Francois County, Missouri!!Percent Female!!Estimate","St. Francois County, Missouri!!Percent Female!!Margin of Error","St. Louis County, Missouri!!Total!!Estimate","St. Louis County, Missouri!!Total!!Margin of Error","St. Louis County, Missouri!!Percent!!Estimate","St. Louis County, Missouri!!Percent!!Margin of Error","St. Louis County, Missouri!!Male!!Estimate","St. Louis County, Missouri!!Male!!Margin of Error","St. Louis County, Missouri!!Percent Male!!Estimate","St. Louis County, Missouri!!Percent Male!!Margin of Error","St. Louis County, Missouri!!Female!!Estimate","St. Louis County, Missouri!!Female!!Margin of Error","St. Louis County, Missouri!!Percent Female!!Estimate","St. Louis County, Missouri!!Percent Female!!Margin of Error","St. Louis city, Missouri!!Total!!Estimate","St. Louis city, Missouri!!Total!!Margin of Error","St. Louis city, Missouri!!Percent!!Estimate","St. Louis city, Missouri!!Percent!!Margin of Error","St. Louis city, Missouri!!Male!!Estimate","St. Louis city, Missouri!!Male!!Margin of Error","St. Louis city, Missouri!!Percent Male!!Estimate","St. Louis city, Missouri!!Percent Male!!Margin of Error","St. Louis city, Missouri!!Female!!Estimate","St. Louis city, Missouri!!Female!!Margin of Error","St. Louis city, Missouri!!Percent Female!!Estimate","St. Louis city, Missouri!!Percent Female!!Margin of Error"
"Total population","185,840","*****","(X)","(X)","90,389","±1,138","(X)","(X)","95,451","±1,138","(X)","(X)","83,853","*****","(X)","(X)","42,635","±882","(X)","(X)","41,218","±882","(X)","(X)","82,113","*****","(X)","(X)","40,208","±698","(X)","(X)","41,905","±698","(X)","(X)","109,638","*****","(X)","(X)","53,962","±1,031","(X)","(X)","55,676","±1,031","(X)","(X)","91,499","*****","(X)","(X)","43,859","±708","(X)","(X)","47,640","±708","(X)","(X)","255,518","*****","(X)","(X)","126,698","±914","(X)","(X)","128,820","±914","(X)","(X)","77,205","*****","(X)","(X)","38,744","±929","(X)","(X)","38,461","±929","(X)","(X)","105,231","*****","(X)","(X)","52,479","±517","(X)","(X)","52,752","±517","(X)","(X)","300,865","*****","(X)","(X)","147,266","±887","(X)","(X)","153,599","±887","(X)","(X)","716,862","*****","(X)","(X)","348,277","±795","(X)","(X)","368,585","±795","(X)","(X)","123,155","*****","(X)","(X)","59,997","±766","(X)","(X)","63,158","±766","(X)","(X)","227,771","*****","(X)","(X)","114,195","±903","(X)","(X)","113,576","±903","(X)","(X)","108,569","*****","(X)","(X)","53,490","±500","(X)","(X)","55,079","±500","(X)","(X)","409,981","*****","(X)","(X)","202,170","±548","(X)","(X)","207,811","±548","(X)","(X)","67,541","*****","(X)","(X)","34,653","±865","(X)","(X)","32,888","±865","(X)","(X)","997,187","*****","(X)","(X)","476,491","±589","(X)","(X)","520,696","±589","(X)","(X)","293,310","*****","(X)","(X)","143,041","±785","(X)","(X)","150,269","±785","(X)","(X)"
"    AGE","","","","","","","","","","","","","","","","","","","","","","","","","","","","","","","","","","","","","","","","","","","","","","","","","","","","","","","","","","","","","","","","","","","","","","","","","","","","","","","","","","","","","","","","","","","","","","","","","","","","","","","","","","","","","","","","","","","","","","","","","","","","","","","","","","","","","","","","","","","","","","","","","","","","","","","","","","","","","","","","","","","","","","","","","","","","","","","","","","","","","","","","","","","","","","","","","","","","","","","","","","","",""
"        Under 5 years","9,881","±401","5.3%","±0.2","5,003","±575","5.5%","±0.6","4,878","±546","5.1%","±0.5","5,069","±654","6.0%","±0.8","2,521","±413","5.9%","±1.0","2,548","±486","6.2%","±1.1","4,659","±411","5.7%","±0.5","2,388","±293","5.9%","±0.7","2,271","±410","5.4%","±0.9","6,298","±428","5.7%","±0.4","3,045","±166","5.6%","±0.3","3,253","±468","5.8%","±0.8","5,367","±271","5.9%","±0.3","2,474","±198","5.6%","±0.1","2,893","±271","6.1%","±0.5","15,450","±400","6.0%","±0.2","8,124","±455","6.4%","±0.4","7,326","±239","5.7%","±0.2","4,256","±733","5.5%","±0.9","2,286","±534","5.9%","±1.3","1,970","±600","5.1%","±1.5","6,081","±375","5.8%","±0.4","3,101","±250","5.9%","±0.5","2,980","±345","5.6%","±0.6","16,385","±313","5.4%","±0.1","8,722","±616","5.9%","±0.4","7,663","±665","5.0%","±0.4","44,312","±6","6.2%","±0.1","22,590","±100","6.5%","±0.1","21,722","±100","5.9%","±0.1","7,627","±325","6.2%","±0.3","3,738","±476","6.2%","±0.7","3,889","±580","6.2%","±0.9","13,333","±793","5.9%","±0.3","6,465","±455","5.7%","±0.4","6,868","±739","6.0%","±0.6","5,901","±355","5.4%","±0.3","2,929","±343","5.5%","±0.6","2,972","±427","5.4%","±0.8","22,436","*****","5.5%","*****","10,927","±504","5.4%","±0.2","11,509","±504","5.5%","±0.2","3,442","±260","5.1%","±0.4","1,086","±696","3.1%","±1.9","2,356","±738","7.2%","±2.1","56,832","±171","5.7%","±0.1","28,954","±584","6.1%","±0.1","27,878","±560","5.4%","±0.1","17,038","±380","5.8%","±0.1","8,971","±371","6.3%","±0.2","8,067","±350","5.4%","±0.2"
"        5 to 9 years","12,074","±1,643","6.5%","±0.9","6,874","±1,076","7.6%","±1.2","5,200","±1,306","5.4%","±1.3","5,575","±813","6.6%","±1.0","3,176","±669","7.4%","±1.5","2,399","±648","5.8%","±1.5","4,017","±723","4.9%","±0.9","2,361","±584","5.9%","±1.5","1,656","±501","4.0%","±1.2","6,410","±1,148","5.8%","±1.0","3,459","±760","6.4%","±1.4","2,951","±810","5.3%","±1.4","6,178","±1,124","6.8%","±1.2","3,370","±654","7.7%","±1.5","2,808","±951","5.9%","±2.0","15,639","±1,979","6.1%","±0.8","8,411","±1,313","6.6%","±1.0","7,228","±1,182","5.6%","±0.9","3,382","±844","4.4%","±1.1","2,047","±698","5.3%","±1.7","1,335","±516","3.5%","±1.3","6,932","±1,154","6.6%","±1.1","3,350","±941","6.4%","±1.8","3,582","±714","6.8%","±1.3","16,971","±1,993","5.6%","±0.7","9,251","±1,616","6.3%","±1.1","7,720","±1,233","5.0%","±0.8","47,370","±2,926","6.6%","±0.4","25,616","±2,159","7.4%","±0.6","21,754","±2,094","5.9%","±0.6","7,925","±1,102","6.4%","±0.9","4,023","±853","6.7%","±1.4","3,902","±832","6.2%","±1.3","13,680","±1,523","6.0%","±0.7","6,099","±1,197","5.3%","±1.1","7,581","±1,145","6.7%","±1.0","6,839","±1,065","6.3%","±1.0","3,254","±640","6.1%","±1.2","3,585","±735","6.5%","±1.3","25,716","±2,010","6.3%","±0.5","13,714","±1,439","6.8%","±0.7","12,002","±1,238","5.8%","±0.6","4,366","±866","6.5%","±1.3","1,261","±653","3.6%","±1.9","3,105","±683","9.4%","±2.1","58,492","±2,755","5.9%","±0.3","30,686","±2,078","6.4%","±0.4","27,806","±2,145","5.3%","±0.4","13,187","±1,579","4.5%","±0.5","6,893","±1,166","4.8%","±0.8","6,294","±1,127","4.2%","±0.7"
"        10 to 14 years","10,111","±1,697","5.4%","±0.9","4,493","±1,045","5.0%","±1.2","5,618","±1,226","5.9%","±1.3","5,423","±850","6.5%","±1.0","2,763","±750","6.5%","±1.7","2,660","±541","6.5%","±1.3","5,636","±825","6.9%","±1.0","2,854","±688","7.1%","±1.7","2,782","±496","6.6%","±1.2","8,728","±1,213","8.0%","±1.1","4,414","±882","8.2%","±1.6","4,314","±720","7.7%","±1.3","7,261","±1,059","7.9%","±1.2","3,259","±664","7.4%","±1.5","4,002","±851","8.4%","±1.8","19,186","±1,894","7.5%","±0.7","9,247","±1,339","7.3%","±1.1","9,939","±1,094","7.7%","±0.8","6,630","±967","8.6%","±1.3","2,907","±577","7.5%","±1.5","3,723","±780","9.7%","±1.9","6,544","±1,246","6.2%","±1.2","3,690","±1,018","7.0%","±1.9","2,854","±683","5.4%","±1.3","18,455","±1,987","6.1%","±0.7","9,321","±1,574","6.3%","±1.1","9,134","±1,343","5.9%","±0.9","46,789","±2,987","6.5%","±0.4","22,404","±2,140","6.4%","±0.6","24,385","±2,078","6.6%","±0.6","9,836","±1,139","8.0%","±0.9","5,102","±845","8.5%","±1.4","4,734","±821","7.5%","±1.3","15,602","±1,568","6.8%","±0.7","9,331","±1,272","8.2%","±1.1","6,271","±1,084","5.5%","±1.0","8,642","±1,128","8.0%","±1.0","4,493","±682","8.4%","±1.3","4,149","±736","7.5%","±1.3","28,012","±2,010","6.8%","±0.5","13,791","±1,440","6.8%","±0.7","14,221","±1,237","6.8%","±0.6","4,126","±908","6.1%","±1.3","2,763","±735","8.0%","±2.1","1,363","±746","4.1%","±2.3","65,993","±2,787","6.6%","±0.3","33,150","±2,099","7.0%","±0.4","32,843","±2,146","6.3%","±0.4","16,137","±1,540","5.5%","±0.5","8,416","±1,116","5.9%","±0.8","7,721","±1,052","5.1%","±0.7"
"        15 to 19 years","17,912","±2,180","9.6%","±1.2","8,114","±1,364","9.0%","±1.5","9,798","±1,805","10.3%","±1.9","5,829","±838","7.0%","±1.0","2,691","±398","6.3%","±0.9","3,138","±688","7.6%","±1.7","6,156","±718","7.5%","±0.9","2,937","±380","7.3%","±0.9","3,219","±791","7.7%","±1.9","6,825","±541","6.2%","±0.5","3,599","±413","6.7%","±0.7","3,226","±309","5.8%","±0.6","5,323","±504","5.8%","±0.6","2,587","±409","5.9%","±0.9","2,736","±317","5.7%","±0.7","16,134","±974","6.3%","±0.4","9,282","±960","7.3%","±0.7","6,852","±512","5.3%","±0.4","5,023","±1,096","6.5%","±1.4","2,369","±794","6.1%","±2.1","2,654","±646","6.9%","±1.7","6,448","±455","6.1%","±0.4","3,231","±214","6.2%","±0.4","3,217","±312","6.1%","±0.6","20,256","±826","6.7%","±0.3","9,964","±633","6.8%","±0.4","10,292","±677","6.7%","±0.4","42,277","±932","5.9%","±0.1","22,354","±520","6.4%","±0.1","19,923","±886","5.4%","±0.2","8,113","±478","6.6%","±0.4","4,424","±463","7.4%","±0.8","3,689","±329","5.8%","±0.5","14,217","±947","6.2%","±0.4","7,890","±903","6.9%","±0.8","6,327","±192","5.6%","±0.2","6,578","±536","6.1%","±0.5","3,608","±480","6.7%","±0.9","2,970","±286","5.4%","±0.5","26,575","±725","6.5%","±0.2","13,477","±527","6.7%","±0.3","13,098","±684","6.3%","±0.3","4,306","±559","6.4%","±0.8","1,876","±69","5.4%","±0.2","2,430","±556","7.4%","±1.7","62,920","±738","6.3%","±0.1","32,243","±621","6.8%","±0.1","30,677","±398","5.9%","±0.1","14,865","±745","5.1%","±0.3","7,338","±349","5.1%","±0.2","7,527","±608","5.0%","±0.4"
"        20 to 24 years","21,354","±1,887","11.5%","±1.0","10,683","±847","11.8%","±0.9","10,671","±1,648","11.2%","±1.7","4,611","±847","5.5%","±1.0","3,062","±474","7.2%","±1.1","1,549","±633","3.8%","±1.5","8,315","±798","10.1%","±1.0","4,100","±431","10.2%","±1.0","4,215","±689","10.1%","±1.7","6,395","±664","5.8%","±0.6","2,947","±634","5.5%","±1.1","3,448","±787","6.2%","±1.4","5,475","±718","6.0%","±0.8","2,639","±455","6.0%","±1.0","2,836","±606","6.0%","±1.2","13,758","±950","5.4%","±0.4","6,829","±681","5.4%","±0.5","6,929","±642","5.4%","±0.5","4,462","±910","5.8%","±1.2","2,416","±439","6.2%","±1.1","2,046","±649","5.3%","±1.7","5,432","±189","5.2%","±0.2","2,783","±111","5.3%","±0.2","2,649","±152","5.0%","±0.3","30,311","±1,068","10.1%","±0.4","15,269","±893","10.4%","±0.6","15,042","±640","9.8%","±0.4","45,120","±1,030","6.3%","±0.1","21,219","±545","6.1%","±0.2","23,901","±790","6.5%","±0.2","8,381","±678","6.8%","±0.6","4,208","±362","7.0%","±0.6","4,173","±503","6.6%","±0.8","11,783","±618","5.2%","±0.3","5,944","±331","5.2%","±0.3","5,839","±507","5.1%","±0.4","6,004","±663","5.5%","±0.6","2,814","±321","5.3%","±0.6","3,190","±492","5.8%","±0.9","24,015","±823","5.9%","±0.2","12,508","±696","6.2%","±0.3","11,507","±450","5.5%","±0.2","3,031","±548","4.5%","±0.8","2,045","±138","5.9%","±0.4","986","±555","3.0%","±1.7","58,271","±722","5.8%","±0.1","28,408","±615","6.0%","±0.1","29,863","±395","5.7%","±0.1","17,812","±717","6.1%","±0.2","8,661","±260","6.1%","±0.2","9,151","±617","6.1%","±0.4"
"        25 to 29 years","14,154","±1,100","7.6%","±0.6","6,801","±780","7.5%","±0.9","7,353","±639","7.7%","±0.7","5,119","±452","6.1%","±0.5","2,665","±340","6.3%","±0.8","2,454","±296","6.0%","±0.7","5,354","±438","6.5%","±0.5","2,735","±311","6.8%","±0.8","2,619","±301","6.2%","±0.7","5,790","±482","5.3%","±0.4","2,796","±237","5.2%","±0.4","2,994","±429","5.4%","±0.8","5,391","±418","5.9%","±0.5","2,882","±326","6.6%","±0.7","2,509","±187","5.3%","±0.4","17,911","±937","7.0%","±0.4","8,456","±589","6.7%","±0.5","9,455","±810","7.3%","±0.6","5,108","±805","6.6%","±1.0","2,769","±405","7.1%","±1.1","2,339","±623","6.1%","±1.5","5,938","±136","5.6%","±0.1","3,031","±64","5.8%","±0.1","2,907","±104","5.5%","±0.2","22,900","±686","7.6%","±0.2","11,220","±435","7.6%","±0.3","11,680","±502","7.6%","±0.3","54,592","±456","7.6%","±0.1","26,878","±395","7.7%","±0.1","27,714","±300","7.5%","±0.1","8,416","±573","6.8%","±0.5","4,277","±374","7.1%","±0.6","4,139","±447","6.6%","±0.7","13,886","±722","6.1%","±0.3","7,566","±683","6.6%","±0.6","6,320","±234","5.6%","±0.2","6,475","±589","6.0%","±0.5","3,349","±418","6.3%","±0.8","3,126","±378","5.7%","±0.7","23,898","±857","5.8%","±0.2","12,166","±625","6.0%","±0.3","11,732","±440","5.6%","±0.2","4,990","±350","7.4%","±0.5","3,188","±349","9.2%","±1.0","1,802","±23","5.5%","±0.1","62,900","±101","6.3%","±0.1","31,016","±79","6.5%","±0.1","31,884","±63","6.1%","±0.1","29,127","±265","9.9%","±0.1","14,033","±50","9.8%","±0.1","15,094","±263","10.0%","±0.2"
"        30 to 34 years","13,811","±1,446","7.4%","±0.8","6,590","±834","7.3%","±1.0","7,221","±856","7.6%","±0.9","6,042","±731","7.2%","±0.9","2,833","±395","6.6%","±1.0","3,209","±549","7.8%","±1.3","5,008","±376","6.1%","±0.5","2,243","±129","5.6%","±0.3","2,765","±347","6.6%","±0.8","6,954","±695","6.3%","±0.6","3,402","±389","6.3%","±0.8","3,552","±490","6.4%","±0.9","5,780","±375","6.3%","±0.4","2,765","±207","6.3%","±0.5","3,015","±214","6.3%","±0.5","18,606","±1,224","7.3%","±0.5","9,692","±890","7.6%","±0.7","8,914","±659","6.9%","±0.5","5,232","±798","6.8%","±1.0","2,618","±493","6.8%","±1.3","2,614","±531","6.8%","±1.5","6,586","±293","6.3%","±0.3","3,442","±298","6.6%","±0.6","3,144","±85","6.0%","±0.2","18,794","±860","6.2%","±0.3","9,559","±634","6.5%","±0.4","9,235","±412","6.0%","±0.3","55,115","±561","7.7%","±0.1","26,557","±88","7.6%","±0.1","28,558","±557","7.7%","±0.1","8,622","±731","7.0%","±0.6","3,950","±381","6.6%","±0.6","4,672","±539","7.4%","±0.9","14,881","±573","6.5%","±0.3","7,356","±341","6.4%","±0.3","7,525","±399","6.6%","±0.4","7,199","±670","6.6%","±0.6","3,467","±396","6.5%","±0.8","3,732","±448","6.8%","±0.8","27,275","±923","6.7%","±0.2","13,147","±650","6.5%","±0.3","14,128","±775","6.8%","±0.4","3,881","±811","5.7%","±1.2","2,505","±141","7.2%","±0.5","1,376","±805","4.2%","±2.4","63,389","±160","6.4%","±0.1","30,617","±147","6.4%","±0.1","32,772","±62","6.3%","±0.1","29,419","±752","10.0%","±0.3","14,734","±617","10.3%","±0.4","14,685","±361","9.8%","±0.2"
"        35 to 39 years","13,198","±1,924","7.1%","±1.0","6,499","±1,205","7.2%","±1.3","6,699","±1,359","7.0%","±1.4","6,391","±875","7.6%","±1.0","3,729","±648","8.7%","±1.5","2,662","±647","6.5%","±1.6","4,439","±769","5.4%","±0.9","1,869","±591","4.6%","±1.5","2,570","±545","6.1%","±1.3","7,962","±1,394","7.3%","±1.3","4,180","±886","7.7%","±1.6","3,782","±781","6.8%","±1.4","4,644","±1,064","5.1%","±1.2","1,409","±581","3.2%","±1.3","3,235","±811","6.8%","±1.7","20,447","±1,930","8.0%","±0.8","10,105","±1,312","8.0%","±1.0","10,342","±1,198","8.0%","±0.9","5,067","±950","6.6%","±1.2","2,756","±653","7.1%","±1.7","2,311","±717","6.0%","±1.9","6,178","±1,177","5.9%","±1.1","3,107","±724","5.9%","±1.4","3,071","±767","5.8%","±1.4","19,036","±2,123","6.3%","±0.7","9,567","±1,308","6.5%","±0.9","9,469","±1,377","6.2%","±0.9","48,212","±3,034","6.7%","±0.4","24,810","±1,987","7.1%","±0.6","23,402","±2,147","6.3%","±0.6","8,648","±1,487","7.0%","±1.2","3,898","±922","6.5%","±1.5","4,750","±933","7.5%","±1.5","15,274","±1,564","6.7%","±0.7","6,788","±1,270","5.9%","±1.1","8,486","±1,167","7.5%","±1.0","8,152","±1,458","7.5%","±1.3","3,501","±849","6.5%","±1.6","4,651","±1,003","8.4%","±1.8","29,069","±2,658","7.1%","±0.6","15,405","±1,875","7.6%","±0.9","13,664","±1,449","6.6%","±0.7","4,931","±1,367","7.3%","±2.0","2,689","±828","7.8%","±2.4","2,242","±896","6.8%","±2.7","65,931","±3,632","6.6%","±0.4","31,863","±2,198","6.7%","±0.5","34,068","±2,594","6.5%","±0.5","23,365","±2,102","8.0%","±0.7","11,581","±1,566","8.1%","±1.1","11,784","±1,310","7.8%","±0.9"
"        40 to 44 years","9,684","±1,741","5.2%","±0.9","4,609","±1,166","5.1%","±1.3","5,075","±1,462","5.3%","±1.5","4,884","±959","5.8%","±1.1","2,273","±708","5.3%","±1.7","2,611","±587","6.3%","±1.4","5,835","±825","7.1%","±1.0","3,422","±666","8.5%","±1.6","2,413","±479","5.8%","±1.2","6,255","±1,381","5.7%","±1.3","3,010","±799","5.6%","±1.5","3,245","±955","5.8%","±1.7","7,795","±994","8.5%","±1.1","4,811","±585","11.0%","±1.3","2,984","±772","6.3%","±1.6","17,053","±2,125","6.7%","±0.8","8,444","±1,360","6.7%","±1.1","8,609","±1,271","6.7%","±1.0","5,561","±1,250","7.2%","±1.6","3,028","±904","7.8%","±2.3","2,533","±778","6.6%","±2.0","6,240","±1,093","5.9%","±1.0","3,131","±671","6.0%","±1.3","3,109","±752","5.9%","±1.4","17,839","±2,263","5.9%","±0.8","9,289","±1,384","6.3%","±0.9","8,550","±1,329","5.6%","±0.9","47,175","±2,950","6.6%","±0.4","21,965","±1,984","6.3%","±0.6","25,210","±2,165","6.8%","±0.6","7,193","±1,477","5.8%","±1.2","4,010","±927","6.7%","±1.5","3,183","±862","5.0%","±1.4","15,451","±1,634","6.8%","±0.7","8,519","±1,266","7.5%","±1.1","6,932","±1,217","6.1%","±1.1","7,988","±1,099","7.4%","±1.0","4,655","±831","8.7%","±1.5","3,333","±696","6.1%","±1.3","28,870","±2,639","7.0%","±0.6","14,060","±1,791","7.0%","±0.9","14,810","±1,459","7.1%","±0.7","4,675","±1,145","6.9%","±1.7","2,290","±850","6.6%","±2.4","2,385","±689","7.3%","±2.1","61,135","±3,621","6.1%","±0.4","29,467","±2,191","6.2%","±0.5","31,668","±2,592","6.1%","±0.5","18,907","±2,105","6.4%","±0.7","9,715","±1,478","6.8%","±1.0","9,192","±1,290","6.1%","±0.9"
"        45 to 49 years","9,904","±825","5.3%","±0.4","4,990","±731","5.5%","±0.8","4,914","±662","5.1%","±0.7","4,274","±234","5.1%","±0.3","2,334","±226","5.5%","±0.5","1,940","±60","4.7%","±0.2","4,137","±220","5.0%","±0.3","2,106","±188","5.2%","±0.5","2,031","±113","4.8%","±0.3","6,229","±497","5.7%","±0.5","2,920","±149","5.4%","±0.3","3,309","±438","5.9%","±0.8","5,651","±524","6.2%","±0.6","2,918","±493","6.7%","±1.1","2,733","±193","5.7%","±0.4","16,034","±1,291","6.3%","±0.5","8,032","±720","6.3%","±0.6","8,002","±858","6.2%","±0.7","4,447","±348","5.8%","±0.5","2,328","±179","6.0%","±0.4","2,119","±318","5.5%","±0.8","5,845","±202","5.6%","±0.2","2,896","±111","5.5%","±0.2","2,949","±179","5.6%","±0.3","16,457","±655","5.5%","±0.2","8,369","±627","5.7%","±0.4","8,088","±366","5.3%","±0.2","39,469","±414","5.5%","±0.1","19,433","±291","5.6%","±0.1","20,036","±297","5.4%","±0.1","7,188","±620","5.8%","±0.5","3,570","±377","6.0%","±0.6","3,618","±438","5.7%","±0.7","13,374","±255","5.9%","±0.1","6,779","±223","5.9%","±0.2","6,595","±94","5.8%","±0.1","6,763","±441","6.2%","±0.4","2,980","±171","5.6%","±0.3","3,783","±412","6.9%","±0.8","25,108","±808","6.1%","±0.2","12,681","±736","6.3%","±0.4","12,427","±392","6.0%","±0.2","4,367","±325","6.5%","±0.5","2,256","±119","6.5%","±0.4","2,111","±302","6.4%","±0.9","56,484","±407","5.7%","±0.1","26,526","±64","5.6%","±0.1","29,958","±394","5.8%","±0.1","15,646","±447","5.3%","±0.2","7,379","±249","5.2%","±0.2","8,267","±352","5.5%","±0.2"
"        50 to 54 years","9,261","±841","5.0%","±0.5","5,025","±808","5.6%","±0.9","4,236","±230","4.4%","±0.2","5,305","±585","6.3%","±0.7","2,757","±466","6.5%","±1.1","2,548","±361","6.2%","±0.9","4,395","±233","5.4%","±0.3","2,143","±126","5.3%","±0.3","2,252","±137","5.4%","±0.3","7,287","±522","6.6%","±0.5","3,922","±507","7.3%","±1.0","3,365","±308","6.0%","±0.6","5,576","±173","6.1%","±0.2","2,806","±80","6.4%","±0.2","2,770","±165","5.8%","±0.3","16,139","±924","6.3%","±0.4","7,959","±569","6.3%","±0.4","8,180","±743","6.3%","±0.6","4,442","±186","5.8%","±0.2","2,301","±162","5.9%","±0.4","2,141","±107","5.6%","±0.3","6,875","±166","6.5%","±0.2","3,466","±139","6.6%","±0.3","3,409","±89","6.5%","±0.2","17,295","±548","5.7%","±0.2","8,208","±365","5.6%","±0.3","9,087","±412","5.9%","±0.3","42,285","±377","5.9%","±0.1","21,181","±377","6.1%","±0.1","21,104","±81","5.7%","±0.1","6,890","±349","5.6%","±0.3","3,489","±310","5.8%","±0.5","3,401","±169","5.4%","±0.3","15,795","±468","6.9%","±0.2","7,862","±383","6.9%","±0.3","7,933","±384","7.0%","±0.3","7,548","±811","7.0%","±0.7","3,820","±580","7.1%","±1.1","3,728","±576","6.8%","±1.0","26,049","±504","6.4%","±0.1","12,722","±327","6.3%","±0.2","13,327","±362","6.4%","±0.2","4,398","±217","6.5%","±0.3","2,481","±217","7.2%","±0.6","1,917","±198","5.8%","±0.2","60,626","±416","6.1%","±0.1","28,995","±93","6.1%","±0.1","31,631","±420","6.1%","±0.1","16,314","±548","5.6%","±0.2","7,907","±313","5.5%","±0.2","8,407","±373","5.6%","±0.3"
"        55 to 59 years","8,186","±1,476","4.4%","±0.8","4,225","±1,062","4.7%","±1.2","3,961","±914","4.1%","±1.0","6,060","±955","7.2%","±1.1","3,596","±681","8.4%","±1.6","2,464","±592","6.0%","±1.4","4,722","±787","5.8%","±1.0","1,966","±471","4.9%","±1.2","2,756","±625","6.6%","±1.5","8,846","±1,081","8.1%","±1.0","4,710","±703","8.7%","±1.3","4,136","±652","7.4%","±1.2","5,882","±998","6.4%","±1.1","2,450","±674","5.6%","±1.5","3,432","±697","7.2%","±1.5","15,194","±1,540","5.9%","±0.6","6,847","±1,069","5.4%","±0.8","8,347","±1,138","6.5%","±0.9","4,875","±848","6.3%","±1.1","2,577","±561","6.7%","±1.4","2,298","±506","6.0%","±1.3","8,428","±1,228","8.0%","±1.2","4,460","±913","8.5%","±1.7","3,968","±813","7.5%","±1.5","17,722","±1,536","5.9%","±0.5","9,247","±1,051","6.3%","±0.7","8,475","±1,034","5.5%","±0.7","41,854","±2,510","5.8%","±0.4","19,247","±1,833","5.5%","±0.5","22,607","±1,786","6.1%","±0.5","7,109","±1,073","5.8%","±0.9","3,275","±733","5.5%","±1.2","3,834","±908","6.1%","±1.4","17,181","±1,834","7.5%","±0.8","8,376","±1,170","7.3%","±1.0","8,805","±1,097","7.8%","±1.0","6,861","±1,172","6.3%","±1.1","2,833","±689","5.3%","±1.3","4,028","±833","7.3%","±1.5","28,682","±2,140","7.0%","±0.5","13,850","±1,431","6.9%","±0.7","14,832","±1,305","7.1%","±0.6","4,705","±876","7.0%","±1.3","2,528","±743","7.3%","±2.1","2,177","±593","6.6%","±1.8","64,394","±3,450","6.5%","±0.3","30,961","±2,581","6.5%","±0.5","33,433","±2,195","6.4%","±0.4","18,118","±1,524","6.2%","±0.5","8,819","±1,036","6.2%","±0.7","9,299","±1,128","6.2%","±0.8"
"        60 to 64 years","11,572","±1,535","6.2%","±0.8","5,264","±1,045","5.8%","±1.1","6,308","±902","6.6%","±1.0","5,164","±957","6.2%","±1.1","2,099","±578","4.9%","±1.4","3,065","±600","7.4%","±1.5","5,281","±779","6.4%","±0.9","2,798","±498","7.0%","±1.2","2,483","±617","5.9%","±1.5","6,188","±1,026","5.6%","±0.9","2,862","±669","5.3%","±1.2","3,326","±700","6.0%","±1.2","6,176","±1,248","6.7%","±1.4","2,825","±669","6.4%","±1.5","3,351","±985","7.0%","±2.1","16,263","±1,487","6.4%","±0.6","8,569","±1,012","6.8%","±0.8","7,694","±1,158","6.0%","±0.9","5,117","±785","6.6%","±1.0","2,266","±527","5.8%","±1.4","2,851","±449","7.4%","±1.2","7,979","±1,238","7.6%","±1.2","3,927","±912","7.5%","±1.7","4,052","±806","7.7%","±1.5","17,293","±1,570","5.7%","±0.5","7,575","±1,068","5.1%","±0.7","9,718","±1,074","6.3%","±0.7","49,232","±2,510","6.9%","±0.4","24,587","±1,833","7.1%","±0.5","24,645","±1,786","6.7%","±0.5","7,487","±1,068","6.1%","±0.9","3,473","±807","5.8%","±1.4","4,014","±789","6.4%","±1.3","16,483","±1,845","7.2%","±0.8","8,456","±1,152","7.4%","±1.0","8,027","±1,106","7.1%","±1.0","6,787","±1,021","6.3%","±0.9","3,857","±725","7.2%","±1.3","2,930","±538","5.3%","±1.0","27,593","±2,131","6.7%","±0.5","13,836","±1,424","6.8%","±0.7","13,757","±1,288","6.6%","±0.6","4,596","±801","6.8%","±1.2","2,426","±565","7.0%","±1.7","2,170","±615","6.6%","±1.9","71,998","±3,435","7.2%","±0.3","33,329","±2,576","7.0%","±0.5","38,669","±2,199","7.4%","±0.4","19,380","±1,544","6.6%","±0.5","9,636","±1,037","6.7%","±0.7","9,744","±1,104","6.5%","±0.7"
"        65 to 69 years","8,980","±1,070","4.8%","±0.6","4,139","±770","4.6%","±0.9","4,841","±707","5.1%","±0.7","4,984","±724","5.9%","±0.9","2,526","±449","5.9%","±1.1","2,458","±452","6.0%","±1.1","4,789","±768","5.8%","±0.9","2,370","±457","5.9%","±1.1","2,419","±595","5.8%","±1.4","6,255","±804","5.7%","±0.7","2,907","±536","5.4%","±1.0","3,348","±560","6.0%","±1.0","4,874","±785","5.3%","±0.9","2,027","±438","4.6%","±1.0","2,847","±614","6.0%","±1.3","13,370","±1,352","5.2%","±0.5","5,958","±921","4.7%","±0.7","7,412","±906","5.8%","±0.7","4,686","±639","6.1%","±0.8","2,470","±405","6.4%","±1.0","2,216","±510","5.8%","±1.3","6,925","±901","6.6%","±0.9","3,098","±646","5.9%","±1.2","3,827","±648","7.3%","±1.2","16,038","±1,268","5.3%","±0.4","7,271","±866","4.9%","±0.6","8,767","±865","5.7%","±0.6","34,943","±2,092","4.9%","±0.3","15,789","±1,220","4.5%","±0.3","19,154","±1,504","5.2%","±0.4","6,176","±895","5.0%","±0.7","2,747","±687","4.6%","±1.1","3,429","±510","5.4%","±0.8","13,546","±1,361","5.9%","±0.6","6,838","±875","6.0%","±0.8","6,708","±866","5.9%","±0.8","5,166","±1,023","4.8%","±0.9","2,663","±643","5.0%","±1.2","2,503","±616","4.5%","±1.1","23,946","±1,691","5.8%","±0.4","11,821","±1,051","5.8%","±0.5","12,125","±1,103","5.8%","±0.5","3,797","±864","5.6%","±1.3","1,924","±487","5.6%","±1.4","1,873","±547","5.7%","±1.7","59,577","±2,769","6.0%","±0.3","27,538","±1,666","5.8%","±0.3","32,039","±1,925","6.2%","±0.4","16,733","±1,521","5.7%","±0.5","8,113","±882","5.7%","±0.6","8,620","±1,116","5.7%","±0.7"
"        70 to 74 years","6,776","±1,241","3.6%","±0.7","3,450","±830","3.8%","±0.9","3,326","±738","3.5%","±0.8","3,555","±660","4.2%","±0.8","1,395","±439","3.3%","±1.0","2,160","±385","5.2%","±0.9","3,711","±779","4.5%","±0.9","1,593","±462","4.0%","±1.1","2,118","±623","5.1%","±1.5","4,855","±865","4.4%","±0.8","2,283","±570","4.2%","±1.1","2,572","±566","4.6%","±1.0","4,501","±692","4.9%","±0.8","2,183","±441","5.0%","±1.0","2,318","±518","4.9%","±1.1","9,891","±1,168","3.9%","±0.5","4,510","±825","3.6%","±0.7","5,381","±788","4.2%","±0.6","3,772","±692","4.9%","±0.9","1,509","±400","3.9%","±1.0","2,263","±620","5.9%","±1.6","5,189","±918","4.9%","±0.9","2,621","±655","5.0%","±1.3","2,568","±627","4.9%","±1.2","13,930","±1,285","4.6%","±0.4","5,982","±831","4.1%","±0.6","7,948","±898","5.2%","±0.6","33,889","±2,265","4.7%","±0.3","16,060","±1,467","4.6%","±0.4","17,829","±1,522","4.8%","±0.4","5,581","±881","4.5%","±0.7","2,455","±666","4.1%","±1.1","3,126","±531","4.9%","±0.8","10,385","±1,323","4.6%","±0.6","4,380","±846","3.8%","±0.7","6,005","±891","5.3%","±0.8","5,310","±990","4.9%","±0.9","2,442","±603","4.6%","±1.1","2,868","±641","5.2%","±1.1","16,875","±1,676","4.1%","±0.4","7,197","±1,035","3.6%","±0.5","9,678","±1,209","4.7%","±0.6","3,263","±891","4.8%","±1.3","1,411","±468","4.1%","±1.4","1,852","±583","5.6%","±1.8","51,258","±2,774","5.1%","±0.3","22,302","±1,644","4.7%","±0.3","28,956","±1,959","5.6%","±0.4","11,901","±1,461","4.1%","±0.5","4,855","±854","3.4%","±0.6","7,046","±1,100","4.7%","±0.7"
"        75 to 79 years","4,201","±891","2.3%","±0.5","1,532","±453","1.7%","±0.5","2,669","±685","2.8%","±0.7","2,992","±449","3.6%","±0.5","1,440","±243","3.4%","±0.6","1,552","±429","3.8%","±1.1","1,915","±506","2.3%","±0.6","1,032","±326","2.6%","±0.8","883","±343","2.1%","±0.8","3,540","±799","3.2%","±0.7","1,926","±401","3.6%","±0.8","1,614","±569","2.9%","±1.0","2,147","±606","2.3%","±0.7","1,002","±338","2.3%","±0.8","1,145","±378","2.4%","±0.8","6,788","±991","2.7%","±0.4","3,207","±708","2.5%","±0.6","3,581","±749","2.8%","±0.6","2,040","±538","2.6%","±0.7","1,128","±379","2.9%","±1.0","912","±421","2.4%","±1.1","3,069","±671","2.9%","±0.6","1,642","±448","3.1%","±0.9","1,427","±397","2.7%","±0.8","9,677","±1,082","3.2%","±0.4","4,054","±625","2.8%","±0.4","5,623","±890","3.7%","±0.6","19,162","±1,730","2.7%","±0.2","8,195","±999","2.4%","±0.3","10,967","±1,058","3.0%","±0.3","3,894","±802","3.2%","±0.7","2,057","±507","3.4%","±0.8","1,837","±536","2.9%","±0.8","5,182","±1,020","2.3%","±0.4","1,836","±587","1.6%","±0.5","3,346","±683","2.9%","±0.6","3,343","±748","3.1%","±0.7","1,785","±367","3.3%","±0.7","1,558","±608","2.8%","±1.1","12,359","±1,249","3.0%","±0.3","5,027","±789","2.5%","±0.4","7,332","±806","3.5%","±0.4","1,957","±541","2.9%","±0.8","789","±368","2.3%","±1.1","1,168","±312","3.6%","±1.0","30,485","±2,448","3.1%","±0.2","13,192","±1,368","2.8%","±0.3","17,293","±1,715","3.3%","±0.3","6,551","±989","2.2%","±0.3","2,949","±518","2.1%","±0.4","3,602","±714","2.4%","±0.5"
"        80 to 84 years","2,480","±826","1.3%","±0.4","1,269","±448","1.4%","±0.5","1,211","±702","1.3%","±0.7","1,203","±390","1.4%","±0.5","440","±169","1.0%","±0.4","763","±401","1.9%","±1.0","1,823","±617","2.2%","±0.8","765","±363","1.9%","±0.9","1,058","±445","2.5%","±1.1","2,175","±549","2.0%","±0.5","809","±376","1.5%","±0.7","1,366","±424","2.5%","±0.8","1,980","±513","2.2%","±0.6","533","±263","1.2%","±0.6","1,447","±459","3.0%","±1.0","4,345","±1,037","1.7%","±0.4","1,827","±586","1.4%","±0.5","2,518","±717","2.0%","±0.6","1,689","±580","2.2%","±0.8","692","±382","1.8%","±1.0","997","±422","2.6%","±1.1","2,146","±692","2.0%","±0.7","774","±383","1.5%","±0.7","1,372","±528","2.6%","±1.0","5,466","±888","1.8%","±0.3","2,082","±589","1.4%","±0.4","3,384","±687","2.2%","±0.4","11,288","±1,677","1.6%","±0.2","4,592","±1,010","1.3%","±0.3","6,696","±1,130","1.8%","±0.3","2,140","±678","1.7%","±0.6","637","±337","1.1%","±0.6","1,503","±489","2.4%","±0.8","4,340","±816","1.9%","±0.4","2,105","±628","1.8%","±0.6","2,235","±586","2.0%","±0.5","1,458","±612","1.3%","±0.6","590","±361","1.1%","±0.7","868","±475","1.6%","±0.9","7,465","±1,024","1.8%","±0.2","3,497","±730","1.7%","±0.4","3,968","±675","1.9%","±0.3","1,328","±424","2.0%","±0.6","905","±367","2.6%","±1.1","423","±233","1.3%","±0.7","23,054","±2,128","2.3%","±0.2","8,801","±1,215","1.8%","±0.3","14,253","±1,492","2.7%","±0.3","3,526","±782","1.2%","±0.3","1,362","±556","1.0%","±0.4","2,164","±532","1.4%","±0.4"
"        85 years and over","2,301","±705","1.2%","±0.4","829","±355","0.9%","±0.4","1,472","±597","1.5%","±0.6","1,373","±412","1.6%","±0.5","335","±164","0.8%","±0.4","1,038","±360","2.5%","±0.9","1,921","±559","2.3%","±0.7","526","±267","1.3%","±0.7","1,395","±474","3.3%","±1.1","2,646","±852","2.4%","±0.8","771","±351","1.4%","±0.6","1,875","±626","3.4%","±1.1","1,498","±474","1.6%","±0.5","919","±378","2.1%","±0.9","579","±308","1.2%","±0.6","3,310","±735","1.3%","±0.3","1,199","±428","0.9%","±0.3","2,111","±641","1.6%","±0.5","1,416","±610","1.8%","±0.8","277","±234","0.7%","±0.6","1,139","±488","3.0%","±1.3","2,396","±639","2.3%","±0.6","729","±380","1.4%","±0.7","1,667","±435","3.2%","±0.8","6,040","±1,046","2.0%","±0.3","2,316","±533","1.6%","±0.4","3,724","±731","2.4%","±0.5","13,778","±1,643","1.9%","±0.2","4,800","±880","1.4%","±0.3","8,978","±1,150","2.4%","±0.3","1,929","±393","1.6%","±0.3","664","±272","1.1%","±0.5","1,265","±343","2.0%","±0.5","3,378","±866","1.5%","±0.4","1,605","±669","1.4%","±0.6","1,773","±461","1.6%","±0.4","1,555","±636","1.4%","±0.6","450","±256","0.8%","±0.5","1,105","±551","2.0%","±1.0","6,038","±1,147","1.5%","±0.3","2,344","±590","1.2%","±0.3","3,694","±786","1.8%","±0.4","1,382","±413","2.0%","±0.6","230","±236","0.7%","±0.7","1,152","±330","3.5%","±1.0","23,448","±2,208","2.4%","±0.2","8,443","±1,318","1.8%","±0.3","15,005","±1,576","2.9%","±0.3","5,284","±1,065","1.8%","±0.4","1,679","±560","1.2%","±0.4","3,605","±727","2.4%","±0.5"
"    SELECTED AGE CATEGORIES","","","","","","","","","","","","","","","","","","","","","","","","","","","","","","","","","","","","","","","","","","","","","","","","","","","","","","","","","","","","","","","","","","","","","","","","","","","","","","","","","","","","","","","","","","","","","","","","","","","","","","","","","","","","","","","","","","","","","","","","","","","","","","","","","","","","","","","","","","","","","","","","","","","","","","","","","","","","","","","","","","","","","","","","","","","","","","","","","","","","","","","","","","","","","","","","","","","","","","","","","","","",""
"        5 to 14 years","22,185","±963","11.9%","±0.5","11,367","±406","12.6%","±0.5","10,818","±849","11.3%","±0.8","10,998","±800","13.1%","±1.0","5,939","±768","13.9%","±1.6","5,059","±612","12.3%","±1.4","9,653","±392","11.8%","±0.5","5,215","±395","13.0%","±0.9","4,438","±330","10.6%","±0.8","15,138","±633","13.8%","±0.6","7,873","±508","14.6%","±0.8","7,265","±604","13.0%","±1.0","13,439","±549","14.7%","±0.6","6,629","±308","15.1%","±0.7","6,810","±352","14.3%","±0.8","34,825","±873","13.6%","±0.3","17,658","±400","13.9%","±0.3","17,167","±743","13.3%","±0.5","10,012","±578","13.0%","±0.7","4,954","±553","12.8%","±1.2","5,058","±580","13.2%","±1.3","13,476","±390","12.8%","±0.4","7,040","±322","13.4%","±0.6","6,436","±269","12.2%","±0.5","35,426","±418","11.8%","±0.1","18,572","±337","12.6%","±0.2","16,854","±480","11.0%","±0.3","94,159","±544","13.1%","±0.1","48,020","±319","13.8%","±0.1","46,139","±570","12.5%","±0.1","17,761","±490","14.4%","±0.4","9,125","±440","15.2%","±0.7","8,636","±449","13.7%","±0.7","29,282","±673","12.9%","±0.3","15,430","±547","13.5%","±0.4","13,852","±443","12.2%","±0.4","15,481","±341","14.3%","±0.3","7,747","±231","14.5%","±0.4","7,734","±198","14.0%","±0.3","53,728","*****","13.1%","*****","27,505","*****","13.6%","±0.1","26,223","*****","12.6%","±0.1","8,492","±238","12.6%","±0.4","4,024","±381","11.6%","±1.1","4,468","±431","13.6%","±1.3","124,485","±161","12.5%","±0.1","63,836","±131","13.4%","±0.1","60,649","±100","11.6%","±0.1","29,324","±497","10.0%","±0.2","15,309","±578","10.7%","±0.4","14,015","±541","9.3%","±0.3"
"        15 to 17 years","6,139","±845","3.3%","±0.5","3,424","±807","3.8%","±0.9","2,715","±364","2.8%","±0.4","2,775","±285","3.3%","±0.3","1,486","±237","3.5%","±0.5","1,289","±163","3.1%","±0.4","3,301","±266","4.0%","±0.3","1,626","±292","4.0%","±0.7","1,675","±419","4.0%","±1.0","4,879","±504","4.5%","±0.5","2,632","±413","4.9%","±0.7","2,247","±245","4.0%","±0.4","3,951","±313","4.3%","±0.3","2,056","±163","4.7%","±0.3","1,895","±232","4.0%","±0.5","10,554","±743","4.1%","±0.3","5,999","±825","4.7%","±0.6","4,555","±415","3.5%","±0.3","2,904","±394","3.8%","±0.5","1,250","±198","3.2%","±0.1","1,654","±394","4.3%","±1.0","4,185","±246","4.0%","±0.2","2,208","±214","4.2%","±0.4","1,977","±100","3.7%","±0.2","10,665","±364","3.5%","±0.1","5,441","±396","3.7%","±0.3","5,224","±488","3.4%","±0.3","28,432","±589","4.0%","±0.1","14,600","±470","4.2%","±0.1","13,832","±293","3.8%","±0.1","5,023","±404","4.1%","±0.3","2,649","±369","4.4%","±0.6","2,374","±282","3.8%","±0.5","9,267","±510","4.1%","±0.2","5,000","±466","4.4%","±0.4","4,267","±142","3.8%","±0.1","4,045","±280","3.7%","±0.3","2,090","±244","3.9%","±0.4","1,955","±239","3.5%","±0.4","17,151","*****","4.2%","*****","8,434","±263","4.2%","±0.1","8,717","±263","4.2%","±0.1","2,397","±198","3.5%","±0.2","1,178","±198","3.4%","±0.1","1,219","±198","3.7%","±0.1","39,477","±146","4.0%","±0.1","19,928","±81","4.2%","±0.1","19,549","±99","3.8%","±0.1","7,661","±364","2.6%","±0.1","4,031","±291","2.8%","±0.2","3,630","±209","2.4%","±0.1"
"        Under 18 years","38,205","*****","20.6%","*****","19,794","±1,019","21.9%","±0.9","18,411","±1,020","19.3%","±0.9","18,842","±400","22.5%","±0.5","9,946","±790","23.3%","±1.5","8,896","±855","21.6%","±1.7","17,613","*****","21.4%","*****","9,229","±578","23.0%","±1.1","8,384","±578","20.0%","±1.1","26,315","±343","24.0%","±0.3","13,550","±852","25.1%","±1.3","12,765","±821","22.9%","±1.2","22,757","±537","24.9%","±0.6","11,159","±369","25.4%","±0.7","11,598","±349","24.3%","±0.7","60,829","*****","23.8%","*****","31,781","±873","25.1%","±0.5","29,048","±874","22.5%","±0.5","17,172","±400","22.2%","±0.5","8,490","±854","21.9%","±1.7","8,682","±706","22.6%","±1.4","23,742","±226","22.6%","±0.2","12,349","±465","23.5%","±0.8","11,393","±460","21.6%","±0.8","62,476","*****","20.8%","*****","32,735","±786","22.2%","±0.4","29,741","±786","19.4%","±0.4","166,903","±286","23.3%","±0.1","85,210","±647","24.5%","±0.2","81,693","±483","22.2%","±0.1","30,411","*****","24.7%","*****","15,512","±679","25.9%","±0.8","14,899","±680","23.6%","±0.8","51,882","±44","22.8%","±0.1","26,895","±581","23.6%","±0.4","24,987","±589","22.0%","±0.4","25,427","±87","23.4%","±0.1","12,766","±379","23.9%","±0.6","12,661","±384","23.0%","±0.6","93,315","*****","22.8%","*****","46,866","±549","23.2%","±0.2","46,449","±549","22.4%","±0.2","14,331","±298","21.2%","±0.4","6,288","±791","18.1%","±1.9","8,043","±731","24.5%","±1.7","220,794","±134","22.1%","±0.1","112,718","±567","23.7%","±0.1","108,076","±581","20.8%","±0.1","54,023","±105","18.4%","±0.1","28,311","±679","19.8%","±0.4","25,712","±678","17.1%","±0.4"
"        18 to 24 years","33,127","±1,073","17.8%","±0.6","15,373","±808","17.0%","±0.9","17,754","±723","18.6%","±0.8","7,665","±972","9.1%","±1.2","4,267","±615","10.0%","±1.4","3,398","±522","8.2%","±1.3","11,170","±445","13.6%","±0.5","5,411","±392","13.5%","±0.9","5,759","±272","13.7%","±0.7","8,341","±685","7.6%","±0.6","3,914","±633","7.3%","±1.1","4,427","±799","8.0%","±1.4","6,847","±626","7.5%","±0.7","3,170","±277","7.2%","±0.6","3,677","±621","7.7%","±1.2","19,338","±941","7.6%","±0.4","10,112","±520","8.0%","±0.4","9,226","±746","7.2%","±0.6","6,581","±833","8.5%","±1.1","3,535","±732","9.1%","±1.9","3,046","±388","7.9%","±1.0","7,695","±348","7.3%","±0.3","3,806","±111","7.3%","±0.2","3,889","±340","7.4%","±0.6","39,902","±999","13.3%","±0.3","19,792","±857","13.4%","±0.6","20,110","±502","13.1%","±0.3","58,965","±606","8.2%","±0.1","28,973","±587","8.3%","±0.2","29,992","±250","8.1%","±0.1","11,471","±704","9.3%","±0.6","5,983","±396","10.0%","±0.7","5,488","±507","8.7%","±0.8","16,733","±792","7.3%","±0.3","8,834","±702","7.7%","±0.6","7,899","±527","7.0%","±0.4","8,537","±799","7.9%","±0.7","4,332","±473","8.1%","±0.9","4,205","±495","7.6%","±0.9","33,439","±920","8.2%","±0.2","17,551","±643","8.7%","±0.3","15,888","±635","7.6%","±0.3","4,940","±177","7.3%","±0.3","2,743","±172","7.9%","±0.5","2,197","±14","6.7%","±0.2","81,714","±120","8.2%","±0.1","40,723","±97","8.5%","±0.1","40,991","±63","7.9%","±0.1","25,016","±284","8.5%","±0.1","11,968","±2","8.4%","±0.1","13,048","±284","8.7%","±0.2"
"        15 to 44 years","90,113","±951","48.5%","±0.5","43,296","±865","47.9%","±0.9","46,817","±778","49.0%","±0.8","32,876","±599","39.2%","±0.7","17,253","±555","40.5%","±1.4","15,623","±442","37.9%","±1.3","35,107","±497","42.8%","±0.6","17,306","±599","43.0%","±1.1","17,801","±586","42.5%","±1.2","40,181","±875","36.6%","±0.8","19,934","±899","36.9%","±1.2","20,247","±931","36.4%","±1.5","34,408","±719","37.6%","±0.8","17,093","±523","39.0%","±1.0","17,315","±627","36.3%","±1.2","103,909","±1,412","40.7%","±0.6","52,808","±1,071","41.7%","±0.7","51,101","±1,064","39.7%","±0.8","30,453","±616","39.4%","±0.8","15,956","±353","41.2%","±1.4","14,497","±560","37.7%","±1.6","36,822","±504","35.0%","±0.5","18,725","±372","35.7%","±0.6","18,097","±351","34.3%","±0.7","129,136","±754","42.9%","±0.3","64,868","±682","44.0%","±0.5","64,268","±626","41.8%","±0.4","292,491","±870","40.8%","±0.1","143,783","±737","41.3%","±0.2","148,708","±588","40.3%","±0.1","49,373","±706","40.1%","±0.6","24,767","±579","41.3%","±1.0","24,606","±649","39.0%","±1.1","85,492","±841","37.5%","±0.4","44,063","±870","38.6%","±0.6","41,429","±765","36.5%","±0.6","42,396","±837","39.0%","±0.8","21,394","±614","40.0%","±1.2","21,002","±685","38.1%","±1.2","159,702","±751","39.0%","±0.2","80,763","±774","39.9%","±0.4","78,939","±372","38.0%","±0.2","25,814","±452","38.2%","±0.7","14,593","±433","42.1%","±1.5","11,221","±205","34.1%","±1.1","374,546","±189","37.6%","±0.1","183,614","±154","38.5%","±0.1","190,932","±147","36.7%","±0.1","133,495","±653","45.5%","±0.2","66,062","±408","46.2%","±0.4","67,433","±451","44.9%","±0.3"
"        16 years and over","151,673","±742","81.6%","±0.4","72,627","±790","80.3%","±1.1","79,046","±640","82.8%","±0.9","66,543","±585","79.4%","±0.7","33,577","±571","78.8%","±1.6","32,966","±620","80.0%","±1.9","66,439","±515","80.9%","±0.6","31,943","±644","79.4%","±1.2","34,496","±704","82.3%","±1.4","85,868","±659","78.3%","±0.6","41,560","±803","77.0%","±1.5","44,308","±643","79.6%","±1.3","71,522","±750","78.2%","±0.8","34,102","±667","77.8%","±1.0","37,420","±842","78.5%","±1.1","202,329","±1,062","79.2%","±0.4","99,458","±805","78.5%","±0.6","102,871","±669","79.9%","±0.6","61,983","±669","80.3%","±0.9","31,063","±468","80.2%","±1.9","30,920","±671","80.4%","±1.5","84,698","±499","80.5%","±0.5","41,561","±667","79.2%","±1.1","43,137","±449","81.8%","±0.8","245,634","±964","81.6%","±0.3","118,337","±842","80.4%","±0.6","127,297","±641","82.9%","±0.6","569,116","±1,458","79.4%","±0.2","272,535","±1,303","78.3%","±0.3","296,581","±1,199","80.5%","±0.3","95,978","±500","77.9%","±0.4","46,310","±468","77.2%","±1.0","49,668","±440","78.6%","±1.1","182,102","±1,066","79.9%","±0.5","90,637","±1,064","79.4%","±0.7","91,465","±1,076","80.5%","±0.9","86,232","±430","79.4%","±0.4","42,281","±444","79.0%","±0.7","43,951","±433","79.8%","±0.9","328,382","±1,093","80.1%","±0.3","160,563","±882","79.4%","±0.4","167,819","±745","80.8%","±0.4","55,002","±474","81.4%","±0.7","N","N","N","N","N","N","N","N","802,412","±1,394","80.5%","±0.1","376,557","±967","79.0%","±0.2","425,855","±929","81.8%","±0.2","245,307","±780","83.6%","±0.3","118,295","±518","82.7%","±0.4","127,012","±710","84.5%","±0.6"
"        18 years and over","147,635","*****","79.4%","*****","70,595","±398","78.1%","±0.9","77,040","±397","80.7%","±0.9","65,011","±400","77.5%","±0.5","32,689","±464","76.7%","±1.5","32,322","±517","78.4%","±1.7","64,500","*****","78.6%","*****","30,979","±409","77.0%","±1.1","33,521","±409","80.0%","±1.1","83,323","±343","76.0%","±0.3","40,412","±723","74.9%","±1.3","42,911","±623","77.1%","±1.2","68,742","±537","75.1%","±0.6","32,700","±630","74.6%","±0.7","36,042","±713","75.7%","±0.7","194,689","*****","76.2%","*****","94,917","±191","74.9%","±0.5","99,772","±192","77.5%","±0.5","60,033","±400","77.8%","±0.5","30,254","±389","78.1%","±1.7","29,779","±500","77.4%","±1.4","81,489","±226","77.4%","±0.2","40,130","±452","76.5%","±0.8","41,359","±429","78.4%","±0.8","238,389","*****","79.2%","*****","114,531","±343","77.8%","±0.4","123,858","±343","80.6%","±0.4","549,959","±286","76.7%","±0.1","263,067","±664","75.5%","±0.2","286,892","±619","77.8%","±0.1","92,744","*****","75.3%","*****","44,485","±281","74.1%","±0.8","48,259","±282","76.4%","±0.8","175,889","±44","77.2%","±0.1","87,300","±699","76.4%","±0.4","88,589","±695","78.0%","±0.4","83,142","±87","76.6%","±0.1","40,724","±353","76.1%","±0.6","42,418","±337","77.0%","±0.6","316,666","*****","77.2%","*****","155,304","*****","76.8%","±0.2","161,362","*****","77.6%","±0.2","53,210","±298","78.8%","±0.4","28,365","±559","81.9%","±1.9","24,845","±453","75.5%","±1.7","776,393","±134","77.9%","±0.1","363,773","±170","76.3%","±0.1","412,620","±69","79.2%","±0.1","239,287","±105","81.6%","±0.1","114,730","±354","80.2%","±0.4","124,557","±344","82.9%","±0.4"
"        21 years and over","130,662","±2,036","70.3%","±1.1","63,571","±1,225","70.3%","±1.6","67,091","±1,886","70.3%","±2.1","61,064","±813","72.8%","±1.0","31,031","±631","72.8%","±1.7","30,033","±732","72.9%","±2.1","59,980","±831","73.0%","±1.0","28,769","±662","71.6%","±1.6","31,211","±762","74.5%","±2.0","80,260","±896","73.2%","±0.8","38,575","±631","71.5%","±2.0","41,685","±675","74.9%","±1.3","66,618","±784","72.8%","±0.9","31,679","±705","72.2%","±1.3","34,939","±756","73.3%","±1.0","185,765","±1,251","72.7%","±0.5","90,256","±909","71.2%","±0.8","95,509","±933","74.1%","±0.8","56,767","±1,164","73.5%","±1.5","28,674","±988","74.0%","±2.8","28,093","±787","73.0%","±2.1","77,685","±986","73.8%","±0.9","38,173","±762","72.7%","±1.5","39,512","±770","74.9%","±1.3","224,403","±1,255","74.6%","±0.4","107,596","±1,176","73.1%","±0.8","116,807","±915","76.0%","±0.7","529,227","±1,851","73.8%","±0.3","251,654","±1,319","72.3%","±0.3","277,573","±1,194","75.3%","±0.4","87,759","±921","71.3%","±0.7","41,748","±615","69.6%","±1.3","46,011","±606","72.9%","±1.2","168,282","±987","73.9%","±0.4","82,990","±1,003","72.7%","±0.8","85,292","±879","75.1%","±0.7","79,468","±743","73.2%","±0.7","38,276","±724","71.6%","±1.3","41,192","±477","74.8%","±0.8","302,788","±1,224","73.9%","±0.3","148,076","±944","73.2%","±0.5","154,712","±905","74.4%","±0.5","50,723","±802","75.1%","±1.2","27,320","±603","78.8%","±2.0","23,403","±726","71.2%","±2.5","742,287","±1,667","74.4%","±0.2","345,037","±1,274","72.4%","±0.3","397,250","±1,223","76.3%","±0.2","228,212","±1,106","77.8%","±0.4","109,862","±865","76.8%","±0.6","118,350","±776","78.8%","±0.6"
"        60 years and over","36,310","±1,420","19.5%","±0.8","16,483","±1,042","18.2%","±1.1","19,827","±945","20.8%","±1.0","19,271","±957","23.0%","±1.1","8,235","±627","19.3%","±1.5","11,036","±606","26.8%","±1.6","19,440","±862","23.7%","±1.0","9,084","±566","22.6%","±1.4","10,356","±621","24.7%","±1.6","25,659","±1,105","23.4%","±1.0","11,558","±743","21.4%","±1.3","14,101","±702","25.3%","±1.2","21,176","±1,249","23.1%","±1.4","9,489","±644","21.6%","±1.5","11,687","±973","24.5%","±2.0","53,967","±1,540","21.1%","±0.6","25,270","±1,085","19.9%","±0.9","28,697","±1,207","22.3%","±0.9","18,720","±818","24.2%","±1.1","8,342","±593","21.5%","±1.6","10,378","±511","27.0%","±1.3","27,704","±1,263","26.3%","±1.2","12,791","±937","24.4%","±1.8","14,913","±891","28.3%","±1.7","68,444","±1,536","22.7%","±0.5","29,280","±1,070","19.9%","±0.7","39,164","±1,083","25.5%","±0.6","162,292","±2,468","22.6%","±0.3","74,023","±1,815","21.3%","±0.5","88,269","±1,787","23.9%","±0.5","27,207","±1,086","22.1%","±0.9","12,033","±794","20.1%","±1.4","15,174","±837","24.0%","±1.4","53,314","±1,960","23.4%","±0.9","25,220","±1,198","22.1%","±1.1","28,094","±1,210","24.7%","±1.1","23,619","±1,141","21.8%","±1.1","11,787","±786","22.0%","±1.4","11,832","±622","21.5%","±1.1","94,276","±2,141","23.0%","±0.5","43,722","±1,432","21.6%","±0.7","50,554","±1,306","24.3%","±0.6","16,323","±870","24.2%","±1.3","7,685","±590","22.2%","±1.8","8,638","±706","26.3%","±2.1","259,820","±3,451","26.1%","±0.3","113,605","±2,576","23.8%","±0.5","146,215","±2,197","28.1%","±0.4","63,375","±1,530","21.6%","±0.5","28,594","±1,112","20.0%","±0.8","34,781","±1,160","23.1%","±0.8"
"        62 years and over","31,893","±1,249","17.2%","±0.7","14,403","±969","15.9%","±1.1","17,490","±886","18.3%","±0.9","17,204","±761","20.5%","±0.9","7,310","±489","17.1%","±1.2","9,894","±567","24.0%","±1.5","17,372","±829","21.2%","±1.0","8,012","±550","19.9%","±1.4","9,360","±541","22.3%","±1.4","22,664","±900","20.7%","±0.8","10,200","±644","18.9%","±1.2","12,464","±558","22.4%","±1.0","18,561","±1,031","20.3%","±1.1","8,408","±538","19.2%","±1.3","10,153","±776","21.3%","±1.5","46,319","±1,376","18.1%","±0.5","20,930","±899","16.5%","±0.7","25,389","±1,125","19.7%","±0.9","17,118","±861","22.2%","±1.1","7,472","±552","19.3%","±1.4","9,646","±634","25.1%","±1.6","24,621","±1,063","23.4%","±1.0","11,663","±715","22.2%","±1.4","12,958","±709","24.6%","±1.4","61,901","±1,400","20.6%","±0.5","27,042","±898","18.4%","±0.6","34,859","±1,132","22.7%","±0.7","140,935","±2,322","19.7%","±0.3","63,061","±1,519","18.1%","±0.4","77,874","±1,684","21.1%","±0.5","24,240","±896","19.7%","±0.7","10,692","±635","17.8%","±1.0","13,548","±758","21.5%","±1.2","46,580","±1,882","20.5%","±0.8","21,917","±1,122","19.2%","±1.0","24,663","±1,139","21.7%","±1.0","19,992","±892","18.4%","±0.8","9,687","±702","18.1%","±1.2","10,305","±617","18.7%","±1.1","80,464","±1,601","19.6%","±0.4","36,989","±1,080","18.3%","±0.5","43,475","±984","20.9%","±0.5","14,320","±1,007","21.2%","±1.5","6,737","±471","19.4%","±1.5","7,583","±713","23.1%","±2.0","233,437","±3,347","23.4%","±0.3","101,260","±2,387","21.3%","±0.5","132,177","±2,095","25.4%","±0.4","56,583","±1,572","19.3%","±0.5","24,909","±1,112","17.4%","±0.8","31,674","±1,200","21.1%","±0.8"
"        65 years and over","24,738","±697","13.3%","±0.4","11,219","±460","12.4%","±0.5","13,519","±417","14.2%","±0.4","14,107","±285","16.8%","±0.3","6,136","±160","14.4%","±0.5","7,971","±213","19.3%","±0.5","14,159","±335","17.2%","±0.4","6,286","±248","15.6%","±0.6","7,873","±215","18.8%","±0.6","19,471","±411","17.8%","±0.4","8,696","±234","16.1%","±0.4","10,775","±255","19.4%","±0.7","15,000","±340","16.4%","±0.4","6,664","±77","15.2%","±0.3","8,336","±341","17.5%","±0.7","37,704","±877","14.8%","±0.3","16,701","±634","13.2%","±0.5","21,003","±570","16.3%","±0.4","13,603","±303","17.6%","±0.4","6,076","±218","15.7%","±0.5","7,527","±319","19.6%","±0.8","19,725","±390","18.7%","±0.4","8,864","±170","16.9%","±0.4","10,861","±362","20.6%","±0.6","51,151","±432","17.0%","±0.1","21,705","±196","14.7%","±0.1","29,446","±426","19.2%","±0.3","113,060","±664","15.8%","±0.1","49,436","±686","14.2%","±0.2","63,624","±256","17.3%","±0.1","19,720","±353","16.0%","±0.3","8,560","±229","14.3%","±0.4","11,160","±313","17.7%","±0.5","36,831","±508","16.2%","±0.2","16,764","±256","14.7%","±0.3","20,067","±407","17.7%","±0.4","16,832","±399","15.5%","±0.4","7,930","±299","14.8%","±0.5","8,902","±295","16.2%","±0.5","66,683","±368","16.3%","±0.1","29,886","±255","14.8%","±0.1","36,797","±248","17.7%","±0.1","11,727","±381","17.4%","±0.6","5,259","±160","15.2%","±0.6","6,468","±350","19.7%","±1.0","187,822","±136","18.8%","±0.1","80,276","*****","16.8%","±0.1","107,546","±136","20.7%","±0.1","43,995","±466","15.0%","±0.2","18,958","±346","13.3%","±0.2","25,037","±421","16.7%","±0.3"
"        75 years and over","8,982","±362","4.8%","±0.2","3,630","±167","4.0%","±0.2","5,352","±316","5.6%","±0.3","5,568","±165","6.6%","±0.2","2,215","±97","5.2%","±0.3","3,353","±97","8.1%","±0.3","5,659","±61","6.9%","±0.1","2,323","±61","5.8%","±0.2","3,336","±198","8.0%","±0.1","8,361","±458","7.6%","±0.4","3,506","±232","6.5%","±0.4","4,855","±244","8.7%","±0.5","5,625","±68","6.1%","±0.1","2,454","±10","5.6%","±0.1","3,171","±68","6.7%","±0.2","14,443","±644","5.7%","±0.3","6,233","±607","4.9%","±0.5","8,210","±286","6.4%","±0.2","5,145","±80","6.7%","±0.1","2,097","±44","5.4%","±0.2","3,048","±67","7.9%","±0.2","7,611","±298","7.2%","±0.3","3,145","±198","6.0%","±0.1","4,466","±298","8.5%","±0.5","21,183","±314","7.0%","±0.1","8,452","±178","5.7%","±0.1","12,731","±246","8.3%","±0.2","44,228","±596","6.2%","±0.1","17,587","±459","5.0%","±0.1","26,641","±302","7.2%","±0.1","7,963","±234","6.5%","±0.2","3,358","±166","5.6%","±0.3","4,605","±166","7.3%","±0.3","12,900","±248","5.7%","±0.1","5,546","±126","4.9%","±0.1","7,354","±136","6.5%","±0.1","6,356","±214","5.9%","±0.2","2,825","±166","5.3%","±0.3","3,531","±150","6.4%","±0.3","25,862","±493","6.3%","±0.1","10,868","±255","5.4%","±0.1","14,994","±384","7.2%","±0.2","4,667","±188","6.9%","±0.3","1,924","±122","5.6%","±0.4","2,743","±122","8.3%","±0.4","76,987","±328","7.7%","±0.1","30,436","±238","6.4%","±0.1","46,551","±196","8.9%","±0.1","15,361","±385","5.2%","±0.1","5,990","±292","4.2%","±0.2","9,371","±224","6.2%","±0.2"
"    SUMMARY INDICATORS","","","","","","","","","","","","","","","","","","","","","","","","","","","","","","","","","","","","","","","","","","","","","","","","","","","","","","","","","","","","","","","","","","","","","","","","","","","","","","","","","","","","","","","","","","","","","","","","","","","","","","","","","","","","","","","","","","","","","","","","","","","","","","","","","","","","","","","","","","","","","","","","","","","","","","","","","","","","","","","","","","","","","","","","","","","","","","","","","","","","","","","","","","","","","","","","","","","","","","","","","","","",""
"        Median age (years)","32.6","±0.7","(X)","(X)","32.1","±0.9","(X)","(X)","33.1","±1.0","(X)","(X)","38.5","±0.7","(X)","(X)","37.7","±0.6","(X)","(X)","40.0","±1.3","(X)","(X)","36.7","±0.5","(X)","(X)","36.5","±0.9","(X)","(X)","36.8","±0.8","(X)","(X)","39.8","±0.7","(X)","(X)","38.9","±1.6","(X)","(X)","40.6","±1.7","(X)","(X)","40.2","±0.7","(X)","(X)","40.5","±0.8","(X)","(X)","39.8","±0.9","(X)","(X)","37.5","±0.4","(X)","(X)","36.7","±0.6","(X)","(X)","38.4","±0.8","(X)","(X)","39.4","±1.4","(X)","(X)","38.7","±2.0","(X)","(X)","40.3","±1.4","(X)","(X)","42.5","±1.5","(X)","(X)","40.7","±1.0","(X)","(X)","43.9","±0.8","(X)","(X)","36.5","±0.3","(X)","(X)","35.1","±0.4","(X)","(X)","37.7","±0.7","(X)","(X)","37.0","±0.3","(X)","(X)","36.2","±0.2","(X)","(X)","38.2","±0.6","(X)","(X)","37.0","±0.8","(X)","(X)","35.3","±0.9","(X)","(X)","38.2","±0.8","(X)","(X)","40.4","±0.6","(X)","(X)","39.7","±1.1","(X)","(X)","41.3","±1.2","(X)","(X)","38.8","±1.1","(X)","(X)","38.3","±1.6","(X)","(X)","39.1","±1.2","(X)","(X)","39.7","±0.4","(X)","(X)","38.6","±0.8","(X)","(X)","40.8","±0.6","(X)","(X)","41.0","±1.3","(X)","(X)","39.8","±2.0","(X)","(X)","41.6","±2.0","(X)","(X)","40.3","±0.3","(X)","(X)","38.7","±0.4","(X)","(X)","41.7","±0.3","(X)","(X)","36.8","±0.4","(X)","(X)","36.0","±0.5","(X)","(X)","37.7","±0.7","(X)","(X)"
"        Sex ratio (males per 100 females)","94.7","±2.3","(X)","(X)","(X)","(X)","(X)","(X)","(X)","(X)","(X)","(X)","103.4","±4.3","(X)","(X)","(X)","(X)","(X)","(X)","(X)","(X)","(X)","(X)","96.0","±3.3","(X)","(X)","(X)","(X)","(X)","(X)","(X)","(X)","(X)","(X)","96.9","±3.6","(X)","(X)","(X)","(X)","(X)","(X)","(X)","(X)","(X)","(X)","92.1","±2.9","(X)","(X)","(X)","(X)","(X)","(X)","(X)","(X)","(X)","(X)","98.4","±1.4","(X)","(X)","(X)","(X)","(X)","(X)","(X)","(X)","(X)","(X)","100.7","±4.8","(X)","(X)","(X)","(X)","(X)","(X)","(X)","(X)","(X)","(X)","99.5","±2.0","(X)","(X)","(X)","(X)","(X)","(X)","(X)","(X)","(X)","(X)","95.9","±1.1","(X)","(X)","(X)","(X)","(X)","(X)","(X)","(X)","(X)","(X)","94.5","±0.4","(X)","(X)","(X)","(X)","(X)","(X)","(X)","(X)","(X)","(X)","95.0","±2.4","(X)","(X)","(X)","(X)","(X)","(X)","(X)","(X)","(X)","(X)","100.5","±1.6","(X)","(X)","(X)","(X)","(X)","(X)","(X)","(X)","(X)","(X)","97.1","±1.8","(X)","(X)","(X)","(X)","(X)","(X)","(X)","(X)","(X)","(X)","97.3","±0.5","(X)","(X)","(X)","(X)","(X)","(X)","(X)","(X)","(X)","(X)","105.4","±5.4","(X)","(X)","(X)","(X)","(X)","(X)","(X)","(X)","(X)","(X)","91.5","±0.2","(X)","(X)","(X)","(X)","(X)","(X)","(X)","(X)","(X)","(X)","95.2","±1.0","(X)","(X)","(X)","(X)","(X)","(X)","(X)","(X)","(X)","(X)"
"        Age dependency ratio","51.2","±0.9","(X)","(X)","(X)","(X)","(X)","(X)","(X)","(X)","(X)","(X)","64.7","±1.6","(X)","(X)","(X)","(X)","(X)","(X)","(X)","(X)","(X)","(X)","63.1","±1.1","(X)","(X)","(X)","(X)","(X)","(X)","(X)","(X)","(X)","(X)","71.7","±1.2","(X)","(X)","(X)","(X)","(X)","(X)","(X)","(X)","(X)","(X)","70.3","±2.2","(X)","(X)","(X)","(X)","(X)","(X)","(X)","(X)","(X)","(X)","62.8","±0.9","(X)","(X)","(X)","(X)","(X)","(X)","(X)","(X)","(X)","(X)","66.3","±1.8","(X)","(X)","(X)","(X)","(X)","(X)","(X)","(X)","(X)","(X)","70.4","±1.2","(X)","(X)","(X)","(X)","(X)","(X)","(X)","(X)","(X)","(X)","60.7","±0.4","(X)","(X)","(X)","(X)","(X)","(X)","(X)","(X)","(X)","(X)","64.1","±0.2","(X)","(X)","(X)","(X)","(X)","(X)","(X)","(X)","(X)","(X)","68.7","±0.8","(X)","(X)","(X)","(X)","(X)","(X)","(X)","(X)","(X)","(X)","63.8","±0.6","(X)","(X)","(X)","(X)","(X)","(X)","(X)","(X)","(X)","(X)","63.7","±1.0","(X)","(X)","(X)","(X)","(X)","(X)","(X)","(X)","(X)","(X)","64.0","±0.2","(X)","(X)","(X)","(X)","(X)","(X)","(X)","(X)","(X)","(X)","62.8","±2.1","(X)","(X)","(X)","(X)","(X)","(X)","(X)","(X)","(X)","(X)","69.4","±0.1","(X)","(X)","(X)","(X)","(X)","(X)","(X)","(X)","(X)","(X)","50.2","±0.4","(X)","(X)","(X)","(X)","(X)","(X)","(X)","(X)","(X)","(X)"
"        Old-age dependency ratio","20.1","±0.7","(X)","(X)","(X)","(X)","(X)","(X)","(X)","(X)","(X)","(X)","27.7","±0.7","(X)","(X)","(X)","(X)","(X)","(X)","(X)","(X)","(X)","(X)","28.1","±0.9","(X)","(X)","(X)","(X)","(X)","(X)","(X)","(X)","(X)","(X)","30.5","±0.8","(X)","(X)","(X)","(X)","(X)","(X)","(X)","(X)","(X)","(X)","27.9","±0.9","(X)","(X)","(X)","(X)","(X)","(X)","(X)","(X)","(X)","(X)","24.0","±0.7","(X)","(X)","(X)","(X)","(X)","(X)","(X)","(X)","(X)","(X)","29.3","±0.9","(X)","(X)","(X)","(X)","(X)","(X)","(X)","(X)","(X)","(X)","31.9","±0.8","(X)","(X)","(X)","(X)","(X)","(X)","(X)","(X)","(X)","(X)","27.3","±0.3","(X)","(X)","(X)","(X)","(X)","(X)","(X)","(X)","(X)","(X)","25.9","±0.2","(X)","(X)","(X)","(X)","(X)","(X)","(X)","(X)","(X)","(X)","27.0","±0.6","(X)","(X)","(X)","(X)","(X)","(X)","(X)","(X)","(X)","(X)","26.5","±0.5","(X)","(X)","(X)","(X)","(X)","(X)","(X)","(X)","(X)","(X)","25.4","±0.7","(X)","(X)","(X)","(X)","(X)","(X)","(X)","(X)","(X)","(X)","26.7","±0.2","(X)","(X)","(X)","(X)","(X)","(X)","(X)","(X)","(X)","(X)","28.3","±1.2","(X)","(X)","(X)","(X)","(X)","(X)","(X)","(X)","(X)","(X)","31.9","±0.1","(X)","(X)","(X)","(X)","(X)","(X)","(X)","(X)","(X)","(X)","22.5","±0.3","(X)","(X)","(X)","(X)","(X)","(X)","(X)","(X)","(X)","(X)"
"        Child dependency ratio","31.1","±0.2","(X)","(X)","(X)","(X)","(X)","(X)","(X)","(X)","(X)","(X)","37.0","±1.1","(X)","(X)","(X)","(X)","(X)","(X)","(X)","(X)","(X)","(X)","35.0","±0.2","(X)","(X)","(X)","(X)","(X)","(X)","(X)","(X)","(X)","(X)","41.2","±0.7","(X)","(X)","(X)","(X)","(X)","(X)","(X)","(X)","(X)","(X)","42.3","±1.5","(X)","(X)","(X)","(X)","(X)","(X)","(X)","(X)","(X)","(X)","38.7","±0.2","(X)","(X)","(X)","(X)","(X)","(X)","(X)","(X)","(X)","(X)","37.0","±1.2","(X)","(X)","(X)","(X)","(X)","(X)","(X)","(X)","(X)","(X)","38.4","±0.5","(X)","(X)","(X)","(X)","(X)","(X)","(X)","(X)","(X)","(X)","33.4","±0.1","(X)","(X)","(X)","(X)","(X)","(X)","(X)","(X)","(X)","(X)","38.2","±0.1","(X)","(X)","(X)","(X)","(X)","(X)","(X)","(X)","(X)","(X)","41.6","±0.2","(X)","(X)","(X)","(X)","(X)","(X)","(X)","(X)","(X)","(X)","37.3","±0.1","(X)","(X)","(X)","(X)","(X)","(X)","(X)","(X)","(X)","(X)","38.3","±0.3","(X)","(X)","(X)","(X)","(X)","(X)","(X)","(X)","(X)","(X)","37.3","±0.1","(X)","(X)","(X)","(X)","(X)","(X)","(X)","(X)","(X)","(X)","34.5","±1.1","(X)","(X)","(X)","(X)","(X)","(X)","(X)","(X)","(X)","(X)","37.5","±0.1","(X)","(X)","(X)","(X)","(X)","(X)","(X)","(X)","(X)","(X)","27.7","±0.1","(X)","(X)","(X)","(X)","(X)","(X)","(X)","(X)","(X)","(X)"
"    PERCENT ALLOCATED","","","","","","","","","","","","","","","","","","","","","","","","","","","","","","","","","","","","","","","","","","","","","","","","","","","","","","","","","","","","","","","","","","","","","","","","","","","","","","","","","","","","","","","","","","","","","","","","","","","","","","","","","","","","","","","","","","","","","","","","","","","","","","","","","","","","","","","","","","","","","","","","","","","","","","","","","","","","","","","","","","","","","","","","","","","","","","","","","","","","","","","","","","","","","","","","","","","","","","","","","","","",""
"        Sex","(X)","(X)","0.1%","(X)","(X)","(X)","(X)","(X)","(X)","(X)","(X)","(X)","(X)","(X)","0.0%","(X)","(X)","(X)","(X)","(X)","(X)","(X)","(X)","(X)","(X)","(X)","0.0%","(X)","(X)","(X)","(X)","(X)","(X)","(X)","(X)","(X)","(X)","(X)","0.0%","(X)","(X)","(X)","(X)","(X)","(X)","(X)","(X)","(X)","(X)","(X)","0.2%","(X)","(X)","(X)","(X)","(X)","(X)","(X)","(X)","(X)","(X)","(X)","0.0%","(X)","(X)","(X)","(X)","(X)","(X)","(X)","(X)","(X)","(X)","(X)","0.0%","(X)","(X)","(X)","(X)","(X)","(X)","(X)","(X)","(X)","(X)","(X)","0.1%","(X)","(X)","(X)","(X)","(X)","(X)","(X)","(X)","(X)","(X)","(X)","0.0%","(X)","(X)","(X)","(X)","(X)","(X)","(X)","(X)","(X)","(X)","(X)","0.0%","(X)","(X)","(X)","(X)","(X)","(X)","(X)","(X)","(X)","(X)","(X)","0.1%","(X)","(X)","(X)","(X)","(X)","(X)","(X)","(X)","(X)","(X)","(X)","0.0%","(X)","(X)","(X)","(X)","(X)","(X)","(X)","(X)","(X)","(X)","(X)","0.0%","(X)","(X)","(X)","(X)","(X)","(X)","(X)","(X)","(X)","(X)","(X)","0.0%","(X)","(X)","(X)","(X)","(X)","(X)","(X)","(X)","(X)","(X)","(X)","0.0%","(X)","(X)","(X)","(X)","(X)","(X)","(X)","(X)","(X)","(X)","(X)","0.0%","(X)","(X)","(X)","(X)","(X)","(X)","(X)","(X)","(X)","(X)","(X)","0.1%","(X)","(X)","(X)","(X)","(X)","(X)","(X)","(X)","(X)"
"        Age","(X)","(X)","1.6%","(X)","(X)","(X)","(X)","(X)","(X)","(X)","(X)","(X)","(X)","(X)","1.5%","(X)","(X)","(X)","(X)","(X)","(X)","(X)","(X)","(X)","(X)","(X)","1.5%","(X)","(X)","(X)","(X)","(X)","(X)","(X)","(X)","(X)","(X)","(X)","0.3%","(X)","(X)","(X)","(X)","(X)","(X)","(X)","(X)","(X)","(X)","(X)","1.2%","(X)","(X)","(X)","(X)","(X)","(X)","(X)","(X)","(X)","(X)","(X)","1.0%","(X)","(X)","(X)","(X)","(X)","(X)","(X)","(X)","(X)","(X)","(X)","2.3%","(X)","(X)","(X)","(X)","(X)","(X)","(X)","(X)","(X)","(X)","(X)","0.4%","(X)","(X)","(X)","(X)","(X)","(X)","(X)","(X)","(X)","(X)","(X)","0.9%","(X)","(X)","(X)","(X)","(X)","(X)","(X)","(X)","(X)","(X)","(X)","1.1%","(X)","(X)","(X)","(X)","(X)","(X)","(X)","(X)","(X)","(X)","(X)","1.3%","(X)","(X)","(X)","(X)","(X)","(X)","(X)","(X)","(X)","(X)","(X)","0.7%","(X)","(X)","(X)","(X)","(X)","(X)","(X)","(X)","(X)","(X)","(X)","0.5%","(X)","(X)","(X)","(X)","(X)","(X)","(X)","(X)","(X)","(X)","(X)","0.6%","(X)","(X)","(X)","(X)","(X)","(X)","(X)","(X)","(X)","(X)","(X)","0.8%","(X)","(X)","(X)","(X)","(X)","(X)","(X)","(X)","(X)","(X)","(X)","1.3%","(X)","(X)","(X)","(X)","(X)","(X)","(X)","(X)","(X)","(X)","(X)","1.4%","(X)","(X)","(X)","(X)","(X)","(X)","(X)","(X)","(X)"